target,h,q_lower,q_upper,n
month,1,-1.2035743467989133,1.4337683012120248,206
month,2,-1.6223100246563245,1.568369127218529,195
month,3,-1.6223100246563245,1.568369127218529,184
month,4,-2.1055659567586704,1.568369127218529,173
month,5,-2.1055659567586704,1.568369127218529,162
month,6,-2.1484700005986723,1.568369127218529,151
month,7,-2.1484700005986723,1.7553096031329252,140
month,8,-2.1484700005986723,1.7553096031329252,129
month,9,-2.1484700005986723,1.7553096031329252,118
month,10,-2.355365695647686,1.7553096031329252,107
month,11,-2.355365695647686,1.7553096031329252,96
month,12,-2.501442670031687,1.7553096031329252,85
sum12,12,-1.802873604366387,0.7885427940994415,85
